zotero_key,title,year,doi,url,item_type,status
ZUXE27ZP,A review of key functionalities of battery energy storage system in renewable energy integrated power systems,2021,10.1002/est2.224,https://doi.org/10.1002/est2.224,article-journal,APROBADO_V2
L9VIK8DD,A review of the energy storage systems of non-interconnected European islands,2024,10.3390/su16041572,https://doi.org/10.3390/su16041572,article-journal,APROBADO_V2
ZXX5N4AM,Atlas de radiación solar de Colombia,2005,,https://bdigital.upme.gov.co/handle/001/1236,book,APROBADO_V2
2UVXQIEQ,Contingency analysis: An introduction,,,https://www.powerworld.com/WebHelp/Content/MainDocumentation_HTML/contingency_analysis_an_introduction.htm,webpage,APROBADO_V2
M29D77XK,Contingency analysis: Definitions,,,https://www.powerworld.com/WebHelp/Content/MainDocumentation_HTML/Contingency_Analysis_Definitions.htm,webpage,APROBADO_V2
DGAFG9DK,Electric power distribution engineering,2014,,,book,APROBADO_V2
9BT87C25,Grid-scale battery storage: Frequently asked questions,2019,,https://www.nrel.gov/docs/fy19osti/74426.pdf,report,APROBADO_V2
N8AKENLA,Integración de las energías renovables no convencionales en Colombia,2015,,https://bdigital.upme.gov.co/handle/001/1311,book,APROBADO_V2
DNEN9HVX,Ley 1715 de 2014: Por medio de la cual se regula la integración de las energías renovables no convencionales al Sistema Energético Nacional,2014,,https://www.suin-juriscol.gov.co/viewDocument.asp?ruta=Leyes/1687143,legislation,APROBADO_V2
DTKWYTC7,"Ley 2099 de 2021: Por medio de la cual se dictan disposiciones para la transición energética, la dinamización del mercado energético y la reactivación económica del país",2021,,https://www.suin-juriscol.gov.co/viewDocument.asp?ruta=Leyes/30041997,legislation,APROBADO_V2
EKC44FAT,"Microgrids energy management systems: A critical review on methods, solutions, and prospects",2018,10.1016/j.apenergy.2018.04.103,https://doi.org/10.1016/j.apenergy.2018.04.103,article-journal,APROBADO_V2
SFRU8STD,Optimal capacity sizing for the integration of a battery and photovoltaic microgrid to supply auxiliary services in substations under a contingency,2020,10.3390/en13226037,https://doi.org/10.3390/en13226037,article-journal,APROBADO_V2
ZANDMWQF,Optimal integration of photovoltaics in micro-grids that are dominated by diesel power plants: Recommendations for utilities and consulting engineers,2019,,https://iea-pvps.org/wp-content/uploads/2020/02/IEA-PVPS_T09-19-2019-REPORT_Integration_of_PV_in_Diesel_Micro-grids.pdf,report,APROBADO_V2
4NQEQUHI,"Optimal sizing of battery energy storage systems for dynamic frequency control in an islanded microgrid: A case study of Flinders Island, Australia",2020,10.1016/j.energy.2020.117059,https://doi.org/10.1016/j.energy.2020.117059,article-journal,APROBADO_V2
8JFQJ4KA,Power system analysis,1994,,,book,APROBADO_V2
TCJFYXBK,Power system analysis and design,2017,,,book,APROBADO_V2
HSZU6GIG,Power system stability and control,1994,,,book,APROBADO_V2
ICCSRCQE,Resolución 18 de 2003: Bases conceptuales para la fórmula tarifaria de energía eléctrica aplicable a los usuarios regulados del Archipiélago de San Andrés y Providencia,2003,,https://gestornormativo.creg.gov.co/gestor/entorno/docs/resolucion_creg_0018_2003.htm,legislation,APROBADO_V2
SXMH6JCX,Resolución 68 de 2009: Por la cual se verifica el cumplimiento de las condiciones que permiten la inclusión de áreas de servicio exclusivo en el contrato para la prestación del servicio público domiciliario de energía eléctrica en el área de San Andrés,2009,,https://gestornormativo.creg.gov.co/Publicac.nsf/1c09d18d2d5ffb5b05256eee00709c02/e8f2c17f4633f71d0525785a007a715d.html,legislation,APROBADO_V2
WX7U5WSU,"Resolución 91 de 2007: Por la cual se establecen las metodologías generales para remunerar las actividades de generación, distribución y comercialización de energía eléctrica en Zonas No Interconectadas",2007,,https://gestornormativo.creg.gov.co/gestor/entorno/docs/resolucion_creg_0091_2007.htm,legislation,APROBADO_V2
QP3CGZJA,Review on energy storage systems in microgrids,2021,10.3390/electronics10172134,https://doi.org/10.3390/electronics10172134,article-journal,APROBADO_V2
6HE3DZ9L,Septiembre registró estabilidad en el suministro de energía en las localidades de las Zonas No Interconectadas,2023,,https://ipse.gov.co/blog/2023/10/25/septiembre-registro-estabilidad-en-el-suministro-de-energia-en-las-localidades-de-las-zonas-no-interconectadas/,webpage,APROBADO_V2
84G69YAF,Stochastic generation scheduling of insular grids with high penetration of photovoltaic and battery energy storage systems: South Andaman Island case study,2022,10.3390/en15072612,https://doi.org/10.3390/en15072612,article-journal,APROBADO_V2
Y9WQAFRA,Trends in microgrid control,2014,10.1109/TSG.2013.2295514,https://doi.org/10.1109/TSG.2013.2295514,article-journal,APROBADO_V2
FBIC4P2X,USAID grid-scale energy storage technologies primer,2021,10.2172/1808490,https://doi.org/10.2172/1808490,report,APROBADO_V2
A6JA6M3T,Verificación del cumplimiento de las condiciones que permiten la inclusión de áreas de servicio exclusivo en contratos para la prestación del servicio público domiciliario de energía eléctrica en el área de San Andrés,2009,,https://gestornormativo.creg.gov.co/gestor/entorno/docs/pdf/doc_creg_0058_2009.pdf,report,APROBADO_V2
9JH7ND4C,Zonas No Interconectadas: La urgencia de una transición energética con monitoreo inteligente,2025,,https://ipse.gov.co/blog/2025/05/15/columna-del-director-zonas-no-interconectadas-la-urgencia-de-una-transicion-energetica-con-monitoreo-inteligente/,webpage,APROBADO_V2
AX6CCQYU,Research Roadmap on Grid-Forming Inverters,2020,10.2172/1721727,https://www.nrel.gov/docs/fy21osti/73476.pdf,report,IMPORTADO_ZOTERO_Y_VERIFICADO
EYR5SZNU,Understanding Photovoltaic Hosting Capacity of Distribution Circuits,2015,10.1109/PESGM.2015.7286510,https://doi.org/10.1109/PESGM.2015.7286510,conferencePaper,IMPORTADO_ZOTERO_Y_VERIFICADO
5HFQZHCZ,"On Distributed PV Hosting Capacity Estimation, Sensitivity Study, and Improvement",2017,10.1109/TSTE.2016.2640239,https://doi.org/10.1109/TSTE.2016.2640239,journalArticle,IMPORTADO_ZOTERO_Y_VERIFICADO
FKWZP6C6,A Comprehensive Assessment of PV Hosting Capacity on Low-Voltage Distribution Systems,2018,10.1109/TPWRD.2018.2798707,https://doi.org/10.1109/TPWRD.2018.2798707,journalArticle,IMPORTADO_ZOTERO_Y_VERIFICADO
X8AETQ6Q,State-of-the-Art of Hosting Capacity in Modern Power Systems with Distributed Generation,2019,10.1016/j.renene.2018.07.008,https://doi.org/10.1016/j.renene.2018.07.008,journalArticle,IMPORTADO_ZOTERO_Y_VERIFICADO
ISTKI3A8,Hosting Capacity of the Power Grid for Renewable Electricity Production and New Large Consumption Equipment,2017,10.3390/en10091325,https://doi.org/10.3390/en10091325,journalArticle,IMPORTADO_ZOTERO_Y_VERIFICADO
CZ6LFY9P,MicroGrids,2002,10.1109/PESW.2002.985003,https://doi.org/10.1109/PESW.2002.985003,conferencePaper,IMPORTADO_ZOTERO_Y_VERIFICADO
S4MIM7PG,Hierarchical Control of Droop-Controlled AC and DC Microgrids—A General Approach Toward Standardization,2011,10.1109/TIE.2010.2066534,https://doi.org/10.1109/TIE.2010.2066534,journalArticle,IMPORTADO_ZOTERO_Y_VERIFICADO
JCXWJTQI,Control of Power Converters in AC Microgrids,2012,10.1109/TPEL.2012.2199334,https://doi.org/10.1109/TPEL.2012.2199334,journalArticle,IMPORTADO_ZOTERO_Y_VERIFICADO
HTVUFRQK,State of the Art in Research on Microgrids: A Review,2015,10.1109/ACCESS.2015.2443119,https://doi.org/10.1109/ACCESS.2015.2443119,journalArticle,IMPORTADO_ZOTERO_Y_VERIFICADO
MWF95PUD,Impact of Low Rotational Inertia on Power System Stability and Operation,2014,10.3182/20140824-6-ZA-1003.02615,https://doi.org/10.3182/20140824-6-ZA-1003.02615,journalArticle,IMPORTADO_ZOTERO_Y_VERIFICADO
5SQ8RPE2,IEEE Standard for Interconnection and Interoperability of Distributed Energy Resources with Associated Electric Power Systems Interfaces,2018,,https://standards.ieee.org/ieee/1547/5915/,report,IMPORTADO_ZOTERO_Y_VERIFICADO
MKKFTWD2,IEEE Guide for Using IEEE Std 1547 for Interconnection of Energy Storage Distributed Energy Resources with Electric Power Systems,2022,,https://standards.ieee.org/ieee/1547.9/10875/,report,IMPORTADO_ZOTERO_Y_VERIFICADO
LZAY77EX,IEEE Standard for the Specification of Microgrid Controllers,2018,10.1109/IEEESTD.2018.8340204,https://standards.ieee.org/ieee/2030.7/5941/,report,IMPORTADO_ZOTERO_Y_VERIFICADO
Q9PW7TJK,Grid-Following Inverters and Synchronous Condensers: A Grid-Forming Pair?,2020,10.1109/PSC50246.2020.9131310,https://www.nrel.gov/docs/fy20osti/75848.pdf,conferencePaper,IMPORTADO_ZOTERO_Y_VERIFICADO
